CheckIn:	OBJECT_NAME=FIRST AMENDMENT TO OPERATING AGREEMENT.doc	DATETIME=5/4/2013	7:38:31	1:48:39	OBJECTNAME=FIRST AMENDMENT TO OPERATING AGREEMENT.doc	APPLICATIONNAME=SECX-SHARE	OBJECT_TYPE=secx_document	HOST_NAME=secxmecsprd05	MESSAGE=View/Export	EVENT_DESCRIPTION=View/Export	DATETIME_5=06/01/2012	1:48:39	USER_NAME=2542	COMMANDNAME=secx_document	SOURCEUSERNAME=USERNAME
CheckIn:	OBJECT_NAME=Verisign Fraud Detection Datasheet.pdf	DATETIME=5/4/2013	8:29:31	2:36:58	OBJECTNAME=Verisign Fraud Detection Datasheet.pdf	APPLICATIONNAME=SECX-SHARE	OBJECT_TYPE=secx_document	HOST_NAME=secxmecsprd06	MESSAGE=View/Export	EVENT_DESCRIPTION=View/Export	DATETIME_5=06/01/2012	2:36:58	USER_NAME=1039	COMMANDNAME=secx_document	SOURCEUSERNAME=USERNAME
CheckIn:	OBJECT_NAME=chaseDec09.pdf	DATETIME=5/4/2013	8:0:52	1:27:47	OBJECTNAME=chaseDec09.pdf	APPLICATIONNAME=SECX-SHARE	OBJECT_TYPE=secx_document	HOST_NAME=secxmecsprd06	MESSAGE=View/Export	EVENT_DESCRIPTION=View/Export	DATETIME_5=06/01/2012	1:27:47	USER_NAME=1533	COMMANDNAME=secx_document	SOURCEUSERNAME=USERNAME
CheckIn:	OBJECT_NAME=naive02.pdf	DATETIME=5/4/2013	8:45:56	1:48:39	OBJECTNAME=naive02.pdf	APPLICATIONNAME=SECX-SHARE	OBJECT_TYPE=secx_document	HOST_NAME=secxmecsprd05	MESSAGE=View/Export	EVENT_DESCRIPTION=View/Export	DATETIME_5=06/01/2012	1:48:39	USER_NAME=1182	COMMANDNAME=secx_document	SOURCEUSERNAME=USERNAME
CheckIn:	OBJECT_NAME=Confidential_2011_Profit&LossStatement.xls	DATETIME=5/4/2013	9:38:9	0:18:27	OBJECTNAME=Confidential_2011_Profit&LossStatement.xls	APPLICATIONNAME=SECX-SHARE	OBJECT_TYPE=secx_document	HOST_NAME=secxmecsprd05	MESSAGE=View/Export	EVENT_DESCRIPTION=View/Export	DATETIME_5=06/01/2012	0:18:27	USER_NAME=1811	COMMANDNAME=secx_document	SOURCEUSERNAME=USERNAME
CheckIn:	OBJECT_NAME=Peer Group Analysis Presentation Apr 11.pdf	DATETIME=5/4/2013	10:59:57	2:41:49	OBJECTNAME=Peer Group Analysis Presentation Apr 11.pdf	APPLICATIONNAME=SECX-SHARE	OBJECT_TYPE=secx_document	HOST_NAME=secxmecsprd06	MESSAGE=View/Export	EVENT_DESCRIPTION=View/Export	DATETIME_5=06/01/2012	2:41:49	USER_NAME=1690	COMMANDNAME=secx_document	SOURCEUSERNAME=USERNAME
CheckIn:	OBJECT_NAME=Securonix Accenture NDA.doc	DATETIME=5/4/2013	10:25:56	1:08:27	OBJECTNAME=Securonix Accenture NDA.doc	APPLICATIONNAME=SECX-SHARE	OBJECT_TYPE=mct_dss_document	HOST_NAME=secxmecsprd06	MESSAGE=View/Export	EVENT_DESCRIPTION=View/Export	DATETIME_5=06/01/2012	1:08:27	USER_NAME=2552	COMMANDNAME=mct_dss_document	SOURCEUSERNAME=USERNAME
CheckIn:	OBJECT_NAME=chaseDec09.pdf	DATETIME=5/4/2013	11:12:34	1:27:47	OBJECTNAME=chaseDec09.pdf	APPLICATIONNAME=SECX-SHARE	OBJECT_TYPE=secx_document	HOST_NAME=secxmecsprd06	MESSAGE=View/Export	EVENT_DESCRIPTION=View/Export	DATETIME_5=06/01/2012	1:27:47	USER_NAME=1533	COMMANDNAME=secx_document	SOURCEUSERNAME=USERNAME
CheckIn:	OBJECT_NAME=Securonix Accenture NDA.doc	DATETIME=5/4/2013	11:31:19	0:18:27	OBJECTNAME=Securonix Accenture NDA.doc	APPLICATIONNAME=SECX-SHARE	OBJECT_TYPE=secx_document	HOST_NAME=secxmecsprd05	MESSAGE=View/Export	EVENT_DESCRIPTION=View/Export	DATETIME_5=06/01/2012	0:18:27	USER_NAME=2565	COMMANDNAME=secx_document	SOURCEUSERNAME=USERNAME
CheckIn:	OBJECT_NAME=science.pdf	DATETIME=5/4/2013	12:18:9	0:36:27	OBJECTNAME=science.pdf	APPLICATIONNAME=SECX-SHARE	OBJECT_TYPE=secx_document	HOST_NAME=secxmecsprd06	MESSAGE=View/Export	EVENT_DESCRIPTION=View/Export	DATETIME_5=06/01/2012	0:36:27	USER_NAME=1049	COMMANDNAME=secx_document	SOURCEUSERNAME=USERNAME
CheckIn:	OBJECT_NAME=Verisign Fraud Detection Datasheet.pdf	DATETIME=5/4/2013	13:44:40	2:41:35	OBJECTNAME=Verisign Fraud Detection Datasheet.pdf	APPLICATIONNAME=SECX-SHARE	OBJECT_TYPE=secx_document	HOST_NAME=secxmecsprd06	MESSAGE=View/Export	EVENT_DESCRIPTION=View/Export	DATETIME_5=06/01/2012	2:41:35	USER_NAME=2658	COMMANDNAME=secx_document	SOURCEUSERNAME=USERNAME
CheckIn:	OBJECT_NAME=Verisign Fraud Detection Datasheet.pdf	DATETIME=5/4/2013	14:6:16	0:39:03	OBJECTNAME=Verisign Fraud Detection Datasheet.pdf	APPLICATIONNAME=SECX-SHARE	OBJECT_TYPE=secx_document	HOST_NAME=secxmecsprd06	MESSAGE=View/Export	EVENT_DESCRIPTION=View/Export	DATETIME_5=06/01/2012	0:39:03	USER_NAME=1940	COMMANDNAME=secx_document	SOURCEUSERNAME=USERNAME
CheckIn:	OBJECT_NAME=bayestutorial.pdf	DATETIME=5/4/2013	15:21:2	1:26:20	OBJECTNAME=bayestutorial.pdf	APPLICATIONNAME=SECX-SHARE	OBJECT_TYPE=secx_document	HOST_NAME=secxmecsprd06	MESSAGE=View/Export	EVENT_DESCRIPTION=View/Export	DATETIME_5=06/01/2012	1:26:20	USER_NAME=1816	COMMANDNAME=secx_document	SOURCEUSERNAME=USERNAME
CheckIn:	OBJECT_NAME=prob18.pdf	DATETIME=5/4/2013	16:49:7	0:15:37	OBJECTNAME=prob18.pdf	APPLICATIONNAME=SECX-SHARE	OBJECT_TYPE=secx_document	HOST_NAME=secxmecsprd05	MESSAGE=View/Export	EVENT_DESCRIPTION=View/Export	DATETIME_5=06/01/2012	0:15:37	USER_NAME=1779	COMMANDNAME=secx_document	SOURCEUSERNAME=USERNAME
CheckIn:	OBJECT_NAME=iaw05.pdf	DATETIME=5/4/2013	16:30:34	1:35:09	OBJECTNAME=iaw05.pdf	APPLICATIONNAME=SECX-SHARE	OBJECT_TYPE=secx_document	HOST_NAME=secxmecsprd06	MESSAGE=View/Export	EVENT_DESCRIPTION=View/Export	DATETIME_5=06/01/2012	1:35:09	USER_NAME=1785	COMMANDNAME=secx_document	SOURCEUSERNAME=USERNAME
CheckIn:	OBJECT_NAME=TopSecret_CocoCola_Recipe.pdf	DATETIME=5/4/2013	17:55:38	2:27:08	OBJECTNAME=TopSecret_CocoCola_Recipe.pdf	APPLICATIONNAME=SECX-SHARE	OBJECT_TYPE=secx_document	HOST_NAME=secxmecsprd06	MESSAGE=View/Export	EVENT_DESCRIPTION=View/Export	DATETIME_5=06/01/2012	2:27:08	USER_NAME=1330	COMMANDNAME=secx_document	SOURCEUSERNAME=USERNAME
CheckIn:	OBJECT_NAME=TR-2006-12.pdf	DATETIME=5/4/2013	17:15:37	1:21:51	OBJECTNAME=TR-2006-12.pdf	APPLICATIONNAME=SECX-SHARE	OBJECT_TYPE=secx_document	HOST_NAME=secxmecsprd06	MESSAGE=View/Export	EVENT_DESCRIPTION=View/Export	DATETIME_5=06/01/2012	1:21:51	USER_NAME=2615	COMMANDNAME=secx_document	SOURCEUSERNAME=USERNAME
CheckIn:	OBJECT_NAME=Confidential_2011_Profit&LossStatement.xls	DATETIME=5/4/2013	17:26:41	0:38:38	OBJECTNAME=Confidential_2011_Profit&LossStatement.xls	APPLICATIONNAME=SECX-SHARE	OBJECT_TYPE=secx_document	HOST_NAME=secxmecsprd06	MESSAGE=View/Export	EVENT_DESCRIPTION=View/Export	DATETIME_5=06/01/2012	0:38:38	USER_NAME=2569	COMMANDNAME=secx_document	SOURCEUSERNAME=USERNAME
CheckIn:	OBJECT_NAME=Securonix - ArcSight Integration.docx	DATETIME=5/4/2013	18:47:45	1:26:20	OBJECTNAME=Securonix - ArcSight Integration.docx	APPLICATIONNAME=SECX-SHARE	OBJECT_TYPE=secx_document	HOST_NAME=secxmecsprd06	MESSAGE=View/Export	EVENT_DESCRIPTION=View/Export	DATETIME_5=06/01/2012	1:26:20	USER_NAME=1845	COMMANDNAME=secx_document	SOURCEUSERNAME=USERNAME
CheckIn:	OBJECT_NAME=Aug2010.pdf	DATETIME=5/4/2013	18:9:24	1:41:34	OBJECTNAME=Aug2010.pdf	APPLICATIONNAME=SECX-SHARE	OBJECT_TYPE=secx_document	HOST_NAME=secxmecsprd06	MESSAGE=View/Export	EVENT_DESCRIPTION=View/Export	DATETIME_5=06/01/2012	1:41:34	USER_NAME=2564	COMMANDNAME=secx_document	SOURCEUSERNAME=USERNAME
CheckIn:	OBJECT_NAME=SA05-005.pdf	DATETIME=5/4/2013	18:33:16	3:07:23	OBJECTNAME=SA05-005.pdf	5010201initial.doc	APPLICATIONNAME=SECX-SHARE	OBJECT_TYPE=secx_document	HOST_NAME=secxmecsprd06	MESSAGE=View/Export	EVENT_DESCRIPTION=View/Export	DATETIME_5=06/01/2012	3:07:23	USER_NAME=1008	COMMANDNAME=secx_document	SOURCEUSERNAME=USERNAME
CheckIn:	OBJECT_NAME=chaseFeb2010.pdf	DATETIME=5/4/2013	19:37:32	2:41:16	OBJECTNAME=chaseFeb2010.pdf	APPLICATIONNAME=SECX-SHARE	OBJECT_TYPE=secx_document	HOST_NAME=secxmecsprd06	MESSAGE=View/Export	EVENT_DESCRIPTION=View/Export	DATETIME_5=06/01/2012	2:41:16	USER_NAME=1642	COMMANDNAME=secx_document	SOURCEUSERNAME=USERNAME
CheckIn:	OBJECT_NAME=IDS_and_FDS_pa2.pdf	DATETIME=5/4/2013	19:44:5	2:47:23	OBJECTNAME=IDS_and_FDS_pa2.pdf	APPLICATIONNAME=SECX-SHARE	OBJECT_TYPE=secx_document	HOST_NAME=secxmecsprd06	MESSAGE=View/Export	EVENT_DESCRIPTION=View/Export	DATETIME_5=06/01/2012	2:47:23	USER_NAME=2444	COMMANDNAME=secx_document	SOURCEUSERNAME=USERNAME
CheckIn:	OBJECT_NAME=group8_final.ppt	DATETIME=5/4/2013	20:29:46	2:47:23	OBJECTNAME=group8_final.ppt	APPLICATIONNAME=SECX-SHARE	OBJECT_TYPE=secx_document	HOST_NAME=secxmecsprd06	MESSAGE=View/Export	EVENT_DESCRIPTION=View/Export	DATETIME_5=06/01/2012	2:47:23	USER_NAME=1847	COMMANDNAME=secx_document	SOURCEUSERNAME=USERNAME
CheckIn:	OBJECT_NAME=LSDBC-icannga07.pdf	DATETIME=5/4/2013	21:11:23	1:35:09	OBJECTNAME=LSDBC-icannga07.pdf	APPLICATIONNAME=SECX-SHARE	OBJECT_TYPE=secx_document	HOST_NAME=secxmecsprd06	MESSAGE=View/Export	EVENT_DESCRIPTION=View/Export	DATETIME_5=06/01/2012	1:35:09	USER_NAME=2289	COMMANDNAME=secx_document	SOURCEUSERNAME=USERNAME
CheckIn:	OBJECT_NAME=Peer Group Analysis Presentation Apr 11.pdf	DATETIME=5/4/2013	21:2:1	0:36:27	OBJECTNAME=Peer Group Analysis Presentation Apr 11.pdf	APPLICATIONNAME=SECX-SHARE	OBJECT_TYPE=secx_document	HOST_NAME=secxmecsprd06	MESSAGE=View/Export	EVENT_DESCRIPTION=View/Export	DATETIME_5=06/01/2012	0:36:27	USER_NAME=1671	COMMANDNAME=secx_document	SOURCEUSERNAME=USERNAME
CheckIn:	OBJECT_NAME=Introducing Grails 2003.pdf	DATETIME=5/4/2013	22:47:4	0:36:51	OBJECTNAME=Introducing Grails 2003.pdf	APPLICATIONNAME=SECX-SHARE	OBJECT_TYPE=secx_document	HOST_NAME=secxmecsprd06	MESSAGE=View/Export	EVENT_DESCRIPTION=View/Export	DATETIME_5=06/01/2012	0:36:51	USER_NAME=2838	COMMANDNAME=secx_document	SOURCEUSERNAME=USERNAME
CheckIn:	OBJECT_NAME=Securonix Accenture NDA.doc	DATETIME=5/4/2013	23:28:7	0:18:27	OBJECTNAME=Securonix Accenture NDA.doc	APPLICATIONNAME=SECX-SHARE	OBJECT_TYPE=secx_document	HOST_NAME=secxmecsprd05	MESSAGE=View/Export	EVENT_DESCRIPTION=View/Export	DATETIME_5=06/01/2012	0:18:27	USER_NAME=2565	COMMANDNAME=secx_document	SOURCEUSERNAME=USERNAME
CheckIn:	OBJECT_NAME=p3.pdf	DATETIME=5/4/2013	23:43:43	0:38:38	OBJECTNAME=p3.pdf	APPLICATIONNAME=SECX-SHARE	OBJECT_TYPE=secx_document	HOST_NAME=secxmecsprd06	MESSAGE=View/Export	EVENT_DESCRIPTION=View/Export	DATETIME_5=06/01/2012	0:38:38	USER_NAME=2587	COMMANDNAME=secx_document	SOURCEUSERNAME=USERNAME
