CheckIn:	OBJECT_NAME=IT_Park_details required(Final Master File )-23.07.2009.xls	DATETIME=5/11/2013	7:59:33	2:51:40	OBJECTNAME=IT_Park_details required(Final Master File )-23.07.2009.xls	APPLICATIONNAME=SECX-SHARE	OBJECT_TYPE=secx_document	HOST_NAME=secxmecsprd06	MESSAGE=View/Export	EVENT_DESCRIPTION=View/Export	DATETIME_5=06/01/2012	2:51:40	USER_NAME=2449	COMMANDNAME=secx_document	SOURCEUSERNAME=USERNAME
CheckIn:	OBJECT_NAME=ArcSight_Whitepaper_FraudView.pdf	DATETIME=5/11/2013	8:31:13	1:35:09	OBJECTNAME=ArcSight_Whitepaper_FraudView.pdf	APPLICATIONNAME=SECX-SHARE	OBJECT_TYPE=secx_document	HOST_NAME=secxmecsprd06	MESSAGE=View/Export	EVENT_DESCRIPTION=View/Export	DATETIME_5=06/01/2012	1:35:09	USER_NAME=1081	COMMANDNAME=secx_document	SOURCEUSERNAME=USERNAME
CheckIn:	OBJECT_NAME=Predicting user site visits log data.pdf	DATETIME=5/11/2013	9:22:50	0:38:33	OBJECTNAME=Predicting user site visits log data.pdf	APPLICATIONNAME=SECX-SHARE	OBJECT_TYPE=secx_document	HOST_NAME=secxmecsprd06	MESSAGE=View/Export	EVENT_DESCRIPTION=View/Export	DATETIME_5=06/01/2012	0:38:33	USER_NAME=1662	COMMANDNAME=secx_document	SOURCEUSERNAME=USERNAME
CheckIn:	OBJECT_NAME=Classified_Securonix Financials 2011.xlsx	DATETIME=5/11/2013	9:57:2	0:37:34	OBJECTNAME=Classified_Securonix Financials 2011.xlsx	APPLICATIONNAME=SECX-SHARE	OBJECT_TYPE=secx_document	HOST_NAME=secxmecsprd06	MESSAGE=View/Export	EVENT_DESCRIPTION=View/Export	DATETIME_5=06/01/2012	0:37:34	USER_NAME=2842	COMMANDNAME=secx_document	SOURCEUSERNAME=USERNAME
CheckIn:	OBJECT_NAME=ESM_ServiceLayer_DevGuide.pdf	DATETIME=5/11/2013	10:51:30	1:35:09	OBJECTNAME=ESM_ServiceLayer_DevGuide.pdf	APPLICATIONNAME=SECX-SHARE	OBJECT_TYPE=secx_document	HOST_NAME=secxmecsprd06	MESSAGE=View/Export	EVENT_DESCRIPTION=View/Export	DATETIME_5=06/01/2012	1:35:09	USER_NAME=1475	COMMANDNAME=secx_document	SOURCEUSERNAME=USERNAME
CheckIn:	OBJECT_NAME=ChaseSep09.pdf	DATETIME=5/11/2013	10:13:57	0:38:38	OBJECTNAME=ChaseSep09.pdf	APPLICATIONNAME=SECX-SHARE	OBJECT_TYPE=secx_document	HOST_NAME=secxmecsprd06	MESSAGE=View/Export	EVENT_DESCRIPTION=View/Export	DATETIME_5=06/01/2012	0:38:38	USER_NAME=1804	COMMANDNAME=secx_document	SOURCEUSERNAME=USERNAME
CheckIn:	OBJECT_NAME=naive02.pdf	DATETIME=5/11/2013	11:50:48	1:44:44	OBJECTNAME=naive02.pdf	APPLICATIONNAME=SECX-SHARE	OBJECT_TYPE=secx_document	HOST_NAME=secxmecsprd05	MESSAGE=View/Export	EVENT_DESCRIPTION=View/Export	DATETIME_5=06/01/2012	1:44:44	USER_NAME=1506	COMMANDNAME=secx_document	SOURCEUSERNAME=USERNAME
CheckIn:	OBJECT_NAME=TR94-17.pdf	DATETIME=5/11/2013	11:43:3	1:39:38	OBJECTNAME=TR94-17.pdf	APPLICATIONNAME=SECX-SHARE	OBJECT_TYPE=secx_document	HOST_NAME=secxmecsprd05	MESSAGE=View/Export	EVENT_DESCRIPTION=View/Export	DATETIME_5=06/01/2012	1:39:38	USER_NAME=2293	COMMANDNAME=secx_document	SOURCEUSERNAME=USERNAME
CheckIn:	OBJECT_NAME=Ying_OutlierDetectionAndClusterRepair.ppt	DATETIME=5/11/2013	11:51:9	0:39:31	OBJECTNAME=Ying_OutlierDetectionAndClusterRepair.ppt	APPLICATIONNAME=SECX-SHARE	OBJECT_TYPE=secx_document	HOST_NAME=secxmecsprd05	MESSAGE=View/Export	EVENT_DESCRIPTION=View/Export	DATETIME_5=06/01/2012	0:39:31	USER_NAME=2053	COMMANDNAME=secx_document	SOURCEUSERNAME=USERNAME
CheckIn:	OBJECT_NAME=ISKE2007-Zhang_Xianchao.pdf	DATETIME=5/11/2013	12:40:20	1:26:20	OBJECTNAME=ISKE2007-Zhang_Xianchao.pdf	APPLICATIONNAME=SECX-SHARE	OBJECT_TYPE=secx_document	HOST_NAME=secxmecsprd06	MESSAGE=View/Export	EVENT_DESCRIPTION=View/Export	DATETIME_5=06/01/2012	1:26:20	USER_NAME=2658	COMMANDNAME=secx_document	SOURCEUSERNAME=USERNAME
CheckIn:	OBJECT_NAME=fraud-detection.pdf	DATETIME=5/11/2013	12:20:56	1:28:57	OBJECTNAME=fraud-detection.pdf	APPLICATIONNAME=SECX-SHARE	OBJECT_TYPE=secx_document	HOST_NAME=secxmecsprd05	MESSAGE=View/Export	EVENT_DESCRIPTION=View/Export	DATETIME_5=06/01/2012	1:28:57	USER_NAME=1094	COMMANDNAME=secx_document	SOURCEUSERNAME=USERNAME
CheckIn:	OBJECT_NAME=TR94-17.pdf	DATETIME=5/11/2013	12:49:1	2:27:08	OBJECTNAME=TR94-17.pdf	APPLICATIONNAME=SECX-SHARE	OBJECT_TYPE=secx_document	HOST_NAME=secxmecsprd06	MESSAGE=View/Export	EVENT_DESCRIPTION=View/Export	DATETIME_5=06/01/2012	2:27:08	USER_NAME=1811	COMMANDNAME=secx_document	SOURCEUSERNAME=USERNAME
CheckIn:	OBJECT_NAME=Confidential_2012 Budget Planning.xls	DATETIME=5/11/2013	13:14:34	1:03:38	OBJECTNAME=Confidential_2012 Budget Planning.xls	APPLICATIONNAME=SECX-SHARE	OBJECT_TYPE=secx_document	HOST_NAME=secxmecsprd06	MESSAGE=View/Export	EVENT_DESCRIPTION=View/Export	DATETIME_5=06/01/2012	1:03:38	USER_NAME=1804	COMMANDNAME=secx_document	SOURCEUSERNAME=USERNAME
CheckIn:	OBJECT_NAME=iaw05.pdf	DATETIME=5/11/2013	13:27:48	1:09:50	OBJECTNAME=iaw05.pdf	APPLICATIONNAME=SECX-SHARE	OBJECT_TYPE=mct_dss_document	HOST_NAME=secxmecsprd06	MESSAGE=View/Export	EVENT_DESCRIPTION=View/Export	DATETIME_5=06/01/2012	1:09:50	USER_NAME=1798	COMMANDNAME=mct_dss_document	SOURCEUSERNAME=USERNAME
CheckIn:	OBJECT_NAME=rsace-2012-cfs-offline-submission-form.doc	DATETIME=5/11/2013	13:36:35	0:35:52	OBJECTNAME=rsace-2012-cfs-offline-submission-form.doc	APPLICATIONNAME=SECX-SHARE	OBJECT_TYPE=secx_document	HOST_NAME=secxmecsprd06	MESSAGE=View/Export	EVENT_DESCRIPTION=View/Export	DATETIME_5=06/01/2012	0:35:52	USER_NAME=2023	COMMANDNAME=secx_document	SOURCEUSERNAME=USERNAME
CheckIn:	OBJECT_NAME=fraud-detection.pdf	DATETIME=5/11/2013	14:2:52	0:38:49	OBJECTNAME=fraud-detection.pdf	APPLICATIONNAME=SECX-SHARE	OBJECT_TYPE=secx_document	HOST_NAME=secxmecsprd06	MESSAGE=View/Export	EVENT_DESCRIPTION=View/Export	DATETIME_5=06/01/2012	0:38:49	USER_NAME=2028	COMMANDNAME=secx_document	SOURCEUSERNAME=USERNAME
CheckIn:	OBJECT_NAME=xzhang030117.ppt	DATETIME=5/11/2013	15:1:21	1:35:09	OBJECTNAME=xzhang030117.ppt	APPLICATIONNAME=SECX-SHARE	OBJECT_TYPE=secx_document	HOST_NAME=secxmecsprd06	MESSAGE=View/Export	EVENT_DESCRIPTION=View/Export	DATETIME_5=06/01/2012	1:35:09	USER_NAME=2022	COMMANDNAME=secx_document	SOURCEUSERNAME=USERNAME
CheckIn:	OBJECT_NAME=Logger_WebServicesAPI_v5.2.pdf	DATETIME=5/11/2013	15:39:28	0:36:51	OBJECTNAME=Logger_WebServicesAPI_v5.2.pdf	APPLICATIONNAME=SECX-SHARE	OBJECT_TYPE=secx_document	HOST_NAME=secxmecsprd06	MESSAGE=View/Export	EVENT_DESCRIPTION=View/Export	DATETIME_5=06/01/2012	0:36:51	USER_NAME=1691	COMMANDNAME=secx_document	SOURCEUSERNAME=USERNAME
CheckIn:	OBJECT_NAME=Apr2011.pdf	DATETIME=5/11/2013	15:3:21	2:45:59	OBJECTNAME=Apr2011.pdf	APPLICATIONNAME=SECX-SHARE	OBJECT_TYPE=mct_dss_document	HOST_NAME=secxmecsprd06	MESSAGE=View/Export	EVENT_DESCRIPTION=View/Export	DATETIME_5=06/01/2012	2:45:59	USER_NAME=2608	COMMANDNAME=mct_dss_document	SOURCEUSERNAME=USERNAME
CheckIn:	OBJECT_NAME=TopSecret_CocoCola_Recipe.pdf	DATETIME=5/11/2013	16:32:33	1:28:57	OBJECTNAME=TopSecret_CocoCola_Recipe.pdf	APPLICATIONNAME=SECX-SHARE	OBJECT_TYPE=secx_document	HOST_NAME=secxmecsprd05	MESSAGE=View/Export	EVENT_DESCRIPTION=View/Export	DATETIME_5=06/01/2012	1:28:57	USER_NAME=2034	COMMANDNAME=secx_document	SOURCEUSERNAME=USERNAME
CheckIn:	OBJECT_NAME=LSDBC-icannga07.pdf	DATETIME=5/11/2013	16:6:15	1:03:38	OBJECTNAME=LSDBC-icannga07.pdf	APPLICATIONNAME=SECX-SHARE	OBJECT_TYPE=secx_document	HOST_NAME=secxmecsprd06	MESSAGE=View/Export	EVENT_DESCRIPTION=View/Export	DATETIME_5=06/01/2012	1:03:38	USER_NAME=1135	COMMANDNAME=secx_document	SOURCEUSERNAME=USERNAME
CheckIn:	OBJECT_NAME=Predicting user site visits log data.pdf	DATETIME=5/11/2013	17:10:57	1:28:57	OBJECTNAME=Predicting user site visits log data.pdf	APPLICATIONNAME=SECX-SHARE	OBJECT_TYPE=secx_document	HOST_NAME=secxmecsprd05	MESSAGE=View/Export	EVENT_DESCRIPTION=View/Export	DATETIME_5=06/01/2012	1:28:57	USER_NAME=1173	COMMANDNAME=secx_document	SOURCEUSERNAME=USERNAME
CheckIn:	OBJECT_NAME=Certificate.pdf	DATETIME=5/11/2013	18:30:25	1:25:17	OBJECTNAME=Certificate.pdf	APPLICATIONNAME=SECX-SHARE	OBJECT_TYPE=secx_document	HOST_NAME=secxmecsprd06	MESSAGE=View/Export	EVENT_DESCRIPTION=View/Export	DATETIME_5=06/01/2012	1:25:17	USER_NAME=2287	COMMANDNAME=secx_document	SOURCEUSERNAME=USERNAME
CheckIn:	OBJECT_NAME=graphics-journal.pdf	DATETIME=5/11/2013	19:16:23	1:48:39	OBJECTNAME=graphics-journal.pdf	APPLICATIONNAME=SECX-SHARE	OBJECT_TYPE=secx_document	HOST_NAME=secxmecsprd05	MESSAGE=View/Export	EVENT_DESCRIPTION=View/Export	DATETIME_5=06/01/2012	1:48:39	USER_NAME=1401	COMMANDNAME=secx_document	SOURCEUSERNAME=USERNAME
CheckIn:	OBJECT_NAME=Securonix - ArcSight Integration.docx	DATETIME=5/11/2013	20:27:19	2:45:59	OBJECTNAME=Securonix - ArcSight Integration.docx	APPLICATIONNAME=SECX-SHARE	OBJECT_TYPE=mct_dss_document	HOST_NAME=secxmecsprd06	MESSAGE=View/Export	EVENT_DESCRIPTION=View/Export	DATETIME_5=06/01/2012	2:45:59	USER_NAME=2509	COMMANDNAME=mct_dss_document	SOURCEUSERNAME=USERNAME
CheckIn:	OBJECT_NAME=Apr2011.pdf	DATETIME=5/11/2013	21:34:38	2:45:59	OBJECTNAME=Apr2011.pdf	APPLICATIONNAME=SECX-SHARE	OBJECT_TYPE=mct_dss_document	HOST_NAME=secxmecsprd06	MESSAGE=View/Export	EVENT_DESCRIPTION=View/Export	DATETIME_5=06/01/2012	2:45:59	USER_NAME=2608	COMMANDNAME=mct_dss_document	SOURCEUSERNAME=USERNAME
CheckIn:	OBJECT_NAME=Securonix Accenture NDA.doc	DATETIME=5/11/2013	21:34:12	1:44:44	OBJECTNAME=Securonix Accenture NDA.doc	APPLICATIONNAME=SECX-SHARE	OBJECT_TYPE=secx_document	HOST_NAME=secxmecsprd06	MESSAGE=View/Export	EVENT_DESCRIPTION=View/Export	DATETIME_5=06/01/2012	1:44:44	USER_NAME=2570	COMMANDNAME=secx_document	SOURCEUSERNAME=USERNAME
CheckIn:	OBJECT_NAME=ChaseOct09.pdf	DATETIME=5/11/2013	22:17:9	2:51:28	OBJECTNAME=ChaseOct09.pdf	Architecture	For	Android.ppt	APPLICATIONNAME=SECX-SHARE	OBJECT_TYPE=secx_document	HOST_NAME=secxmecsprd06	MESSAGE=View/Export	EVENT_DESCRIPTION=View/Export	DATETIME_5=06/01/2012	2:51:28	USER_NAME=2289	COMMANDNAME=secx_document	SOURCEUSERNAME=USERNAME
CheckIn:	OBJECT_NAME=Confidential_Customer Invoices 2012.xls	DATETIME=5/11/2013	22:8:25	0:36:27	OBJECTNAME=Confidential_Customer Invoices 2012.xls	APPLICATIONNAME=SECX-SHARE	OBJECT_TYPE=secx_document	HOST_NAME=secxmecsprd06	MESSAGE=View/Export	EVENT_DESCRIPTION=View/Export	DATETIME_5=06/01/2012	0:36:27	USER_NAME=1593	COMMANDNAME=secx_document	SOURCEUSERNAME=USERNAME
CheckIn:	OBJECT_NAME=p3.pdf	DATETIME=5/11/2013	23:59:20	1:09:50	OBJECTNAME=p3.pdf	APPLICATIONNAME=SECX-SHARE	OBJECT_TYPE=mct_dss_document	HOST_NAME=secxmecsprd06	MESSAGE=View/Export	EVENT_DESCRIPTION=View/Export	DATETIME_5=06/01/2012	1:09:50	USER_NAME=1269	COMMANDNAME=mct_dss_document	SOURCEUSERNAME=USERNAME
CheckIn:	OBJECT_NAME=ChaseSep09.pdf	DATETIME=5/11/2013	23:12:51	1:00:37	OBJECTNAME=ChaseSep09.pdf	APPLICATIONNAME=SECX-SHARE	OBJECT_TYPE=secx_document	HOST_NAME=secxmecsprd06	MESSAGE=View/Export	EVENT_DESCRIPTION=View/Export	DATETIME_5=06/01/2012	1:00:37	USER_NAME=2134	COMMANDNAME=secx_document	SOURCEUSERNAME=USERNAME
