CheckIn:	OBJECT_NAME=Cisco WebEx Meetings Basic or Premium WebEx.pdf	DATETIME=5/25/2013	7:14:27	0:35:52	OBJECTNAME=Cisco WebEx Meetings Basic or Premium WebEx.pdf	APPLICATIONNAME=SECX-SHARE	OBJECT_TYPE=secx_document	HOST_NAME=secxmecsprd06	MESSAGE=View/Export	EVENT_DESCRIPTION=View/Export	DATETIME_5=06/01/2012	0:35:52	USER_NAME=2498	COMMANDNAME=secx_document	SOURCEUSERNAME=USERNAME
CheckIn:	OBJECT_NAME=Fraud Prevention - Avivah.pdf	DATETIME=5/25/2013	7:52:22	1:27:47	OBJECTNAME=Fraud Prevention - Avivah.pdf	APPLICATIONNAME=SECX-SHARE	OBJECT_TYPE=secx_document	HOST_NAME=secxmecsprd06	MESSAGE=View/Export	EVENT_DESCRIPTION=View/Export	DATETIME_5=06/01/2012	1:27:47	USER_NAME=1038	COMMANDNAME=secx_document	SOURCEUSERNAME=USERNAME
CheckIn:	OBJECT_NAME=TT111 ESM Web Service - Fei Gao_COMPLETE.pdf	DATETIME=5/25/2013	7:54:1	1:26:20	OBJECTNAME=TT111 ESM Web Service - Fei Gao_COMPLETE.pdf	APPLICATIONNAME=SECX-SHARE	OBJECT_TYPE=secx_document	HOST_NAME=secxmecsprd06	MESSAGE=View/Export	EVENT_DESCRIPTION=View/Export	DATETIME_5=06/01/2012	1:26:20	USER_NAME=2572	COMMANDNAME=secx_document	SOURCEUSERNAME=USERNAME
CheckIn:	OBJECT_NAME=ISKE2007-Zhang_Xianchao.pdf	DATETIME=5/25/2013	8:1:36	2:47:23	OBJECTNAME=ISKE2007-Zhang_Xianchao.pdf	APPLICATIONNAME=SECX-SHARE	OBJECT_TYPE=secx_document	HOST_NAME=secxmecsprd06	MESSAGE=View/Export	EVENT_DESCRIPTION=View/Export	DATETIME_5=06/01/2012	2:47:23	USER_NAME=1493	COMMANDNAME=secx_document	SOURCEUSERNAME=USERNAME
CheckIn:	OBJECT_NAME=Confidential_2011_Sales Projections by Region.xls	DATETIME=5/25/2013	8:17:9	0:38:49	OBJECTNAME=Confidential_2011_Sales Projections by Region.xls	APPLICATIONNAME=SECX-SHARE	OBJECT_TYPE=secx_document	HOST_NAME=secxmecsprd06	MESSAGE=View/Export	EVENT_DESCRIPTION=View/Export	DATETIME_5=06/01/2012	0:38:49	USER_NAME=2058	COMMANDNAME=secx_document	SOURCEUSERNAME=USERNAME
CheckIn:	OBJECT_NAME=Securonix Accenture NDA.doc	DATETIME=5/25/2013	9:16:30	0:35:52	OBJECTNAME=Securonix Accenture NDA.doc	APPLICATIONNAME=SECX-SHARE	OBJECT_TYPE=secx_document	HOST_NAME=secxmecsprd06	MESSAGE=View/Export	EVENT_DESCRIPTION=View/Export	DATETIME_5=06/01/2012	0:35:52	USER_NAME=2442	COMMANDNAME=secx_document	SOURCEUSERNAME=USERNAME
CheckIn:	OBJECT_NAME=TT111 ESM Web Service - Fei Gao_COMPLETE.pdf	DATETIME=5/25/2013	9:8:8	1:56:05	OBJECTNAME=TT111 ESM Web Service - Fei Gao_COMPLETE.pdf	APPLICATIONNAME=SECX-SHARE	OBJECT_TYPE=secx_document	HOST_NAME=secxmecsprd06	MESSAGE=View/Export	EVENT_DESCRIPTION=View/Export	DATETIME_5=06/01/2012	1:56:05	USER_NAME=1694	COMMANDNAME=secx_document	SOURCEUSERNAME=USERNAME
CheckIn:	OBJECT_NAME=group8_final.ppt	DATETIME=5/25/2013	10:23:48	2:27:08	OBJECTNAME=group8_final.ppt	APPLICATIONNAME=SECX-SHARE	OBJECT_TYPE=secx_document	HOST_NAME=secxmecsprd06	MESSAGE=View/Export	EVENT_DESCRIPTION=View/Export	DATETIME_5=06/01/2012	2:27:08	USER_NAME=1435	COMMANDNAME=secx_document	SOURCEUSERNAME=USERNAME
CheckIn:	OBJECT_NAME=Confidential_2011_Sales Projections by Region.xls	DATETIME=5/25/2013	11:15:9	1:00:37	OBJECTNAME=Confidential_2011_Sales Projections by Region.xls	APPLICATIONNAME=SECX-SHARE	OBJECT_TYPE=secx_document	HOST_NAME=secxmecsprd06	MESSAGE=View/Export	EVENT_DESCRIPTION=View/Export	DATETIME_5=06/01/2012	1:00:37	USER_NAME=2046	COMMANDNAME=secx_document	SOURCEUSERNAME=USERNAME
CheckIn:	OBJECT_NAME=SN37_AKramer_Final.pdf	DATETIME=5/25/2013	12:48:37	1:02:06	OBJECTNAME=SN37_AKramer_Final.pdf	APPLICATIONNAME=SECX-SHARE	OBJECT_TYPE=secx_document	HOST_NAME=secxmecsprd06	MESSAGE=View/Export	EVENT_DESCRIPTION=View/Export	DATETIME_5=06/01/2012	1:02:06	USER_NAME=1686	COMMANDNAME=secx_document	SOURCEUSERNAME=USERNAME
CheckIn:	OBJECT_NAME=Analyst Reports	DATETIME=5/25/2013	12:45:50	1:48:39	OBJECTNAME=Analyst Reports	APPLICATIONNAME=SECX-SHARE	OBJECT_TYPE=secx_document	HOST_NAME=secxmecsprd05	MESSAGE=View/Export	EVENT_DESCRIPTION=View/Export	DATETIME_5=06/01/2012	1:48:39	USER_NAME=2050	COMMANDNAME=secx_document	SOURCEUSERNAME=USERNAME
CheckIn:	OBJECT_NAME=Cyber_espionage_07292011.pdf	DATETIME=5/25/2013	12:55:28	1:48:39	OBJECTNAME=Cyber_espionage_07292011.pdf	APPLICATIONNAME=SECX-SHARE	OBJECT_TYPE=secx_document	HOST_NAME=secxmecsprd05	MESSAGE=View/Export	EVENT_DESCRIPTION=View/Export	DATETIME_5=06/01/2012	1:48:39	USER_NAME=2503	COMMANDNAME=secx_document	SOURCEUSERNAME=USERNAME
CheckIn:	OBJECT_NAME=oates.pdf	DATETIME=5/25/2013	12:48:54	2:51:28	OBJECTNAME=oates.pdf	Architecture	For	Android.ppt	APPLICATIONNAME=SECX-SHARE	OBJECT_TYPE=secx_document	HOST_NAME=secxmecsprd06	MESSAGE=View/Export	EVENT_DESCRIPTION=View/Export	DATETIME_5=06/01/2012	2:51:28	USER_NAME=1430	COMMANDNAME=secx_document	SOURCEUSERNAME=USERNAME
CheckIn:	OBJECT_NAME=CONFIDENTIAL_PII_data.rtf	DATETIME=5/25/2013	13:56:2	0:16:40	OBJECTNAME=CONFIDENTIAL_PII_data.rtf	APPLICATIONNAME=SECX-SHARE	OBJECT_TYPE=secx_document	HOST_NAME=secxmecsprd06	MESSAGE=View/Export	EVENT_DESCRIPTION=View/Export	DATETIME_5=06/01/2012	0:16:40	USER_NAME=1945	COMMANDNAME=secx_document	SOURCEUSERNAME=USERNAME
CheckIn:	OBJECT_NAME=Expenses 2009.xls	DATETIME=5/25/2013	13:56:44	1:28:57	OBJECTNAME=Expenses 2009.xls	APPLICATIONNAME=SECX-SHARE	OBJECT_TYPE=secx_document	HOST_NAME=secxmecsprd05	MESSAGE=View/Export	EVENT_DESCRIPTION=View/Export	DATETIME_5=06/01/2012	1:28:57	USER_NAME=2839	COMMANDNAME=secx_document	SOURCEUSERNAME=USERNAME
CheckIn:	OBJECT_NAME=Fraud Prevention - Avivah.pdf	DATETIME=5/25/2013	13:31:11	2:08:48	OBJECTNAME=Fraud Prevention - Avivah.pdf	APPLICATIONNAME=SECX-SHARE	OBJECT_TYPE=secx_document	HOST_NAME=secxmecsprd05	MESSAGE=View/Export	EVENT_DESCRIPTION=View/Export	DATETIME_5=06/01/2012	2:08:48	USER_NAME=2681	COMMANDNAME=secx_document	SOURCEUSERNAME=USERNAME
CheckIn:	OBJECT_NAME=ArcSight_Whitepaper_FraudView.pdf	DATETIME=5/25/2013	14:17:37	0:38:33	OBJECTNAME=ArcSight_Whitepaper_FraudView.pdf	APPLICATIONNAME=SECX-SHARE	OBJECT_TYPE=secx_document	HOST_NAME=secxmecsprd06	MESSAGE=View/Export	EVENT_DESCRIPTION=View/Export	DATETIME_5=06/01/2012	0:38:33	USER_NAME=2505	COMMANDNAME=secx_document	SOURCEUSERNAME=USERNAME
CheckIn:	OBJECT_NAME=Verisign Fraud Detection Datasheet.pdf	DATETIME=5/25/2013	14:35:4	1:39:38	OBJECTNAME=Verisign Fraud Detection Datasheet.pdf	APPLICATIONNAME=SECX-SHARE	OBJECT_TYPE=secx_document	HOST_NAME=secxmecsprd05	MESSAGE=View/Export	EVENT_DESCRIPTION=View/Export	DATETIME_5=06/01/2012	1:39:38	USER_NAME=1782	COMMANDNAME=secx_document	SOURCEUSERNAME=USERNAME
CheckIn:	OBJECT_NAME=TopSecret_Anti-Terrorist_Plans_2013.pdf	DATETIME=5/25/2013	14:9:41	1:44:44	OBJECTNAME=TopSecret_Anti-Terrorist_Plans_2013.pdf	APPLICATIONNAME=SECX-SHARE	OBJECT_TYPE=secx_document	HOST_NAME=secxmecsprd05	MESSAGE=View/Export	EVENT_DESCRIPTION=View/Export	DATETIME_5=06/01/2012	1:44:44	USER_NAME=1014	COMMANDNAME=secx_document	SOURCEUSERNAME=USERNAME
CheckIn:	OBJECT_NAME=Cisco WebEx Meetings Basic or Premium WebEx.pdf	DATETIME=5/25/2013	15:32:37	2:41:16	OBJECTNAME=Cisco WebEx Meetings Basic or Premium WebEx.pdf	APPLICATIONNAME=SECX-SHARE	OBJECT_TYPE=secx_document	HOST_NAME=secxmecsprd06	MESSAGE=View/Export	EVENT_DESCRIPTION=View/Export	DATETIME_5=06/01/2012	2:41:16	USER_NAME=1802	COMMANDNAME=secx_document	SOURCEUSERNAME=USERNAME
CheckIn:	OBJECT_NAME=Unsupervised Profiling Methods for Fraud Detection.pdf	DATETIME=5/25/2013	15:52:52	0:38:33	OBJECTNAME=Unsupervised Profiling Methods for Fraud Detection.pdf	APPLICATIONNAME=SECX-SHARE	OBJECT_TYPE=secx_document	HOST_NAME=secxmecsprd06	MESSAGE=View/Export	EVENT_DESCRIPTION=View/Export	DATETIME_5=06/01/2012	0:38:33	USER_NAME=2558	COMMANDNAME=secx_document	SOURCEUSERNAME=USERNAME
CheckIn:	OBJECT_NAME=Peer Group Analysis Presentation Apr 11.pdf	DATETIME=5/25/2013	15:18:56	1:00:37	OBJECTNAME=Peer Group Analysis Presentation Apr 11.pdf	APPLICATIONNAME=SECX-SHARE	OBJECT_TYPE=secx_document	HOST_NAME=secxmecsprd06	MESSAGE=View/Export	EVENT_DESCRIPTION=View/Export	DATETIME_5=06/01/2012	1:00:37	USER_NAME=2586	COMMANDNAME=secx_document	SOURCEUSERNAME=USERNAME
CheckIn:	OBJECT_NAME=TopSecret_CocoCola_Recipe.pdf	DATETIME=5/25/2013	16:12:31	1:26:20	OBJECTNAME=TopSecret_CocoCola_Recipe.pdf	APPLICATIONNAME=SECX-SHARE	OBJECT_TYPE=secx_document	HOST_NAME=secxmecsprd06	MESSAGE=View/Export	EVENT_DESCRIPTION=View/Export	DATETIME_5=06/01/2012	1:26:20	USER_NAME=1687	COMMANDNAME=secx_document	SOURCEUSERNAME=USERNAME
CheckIn:	OBJECT_NAME=The Definitive Guide to Grails 2 edition.pdf	DATETIME=5/25/2013	17:13:44	3:07:23	OBJECTNAME=The Definitive Guide to Grails 2 edition.pdf	5010201initial.doc	APPLICATIONNAME=SECX-SHARE	OBJECT_TYPE=secx_document	HOST_NAME=secxmecsprd06	MESSAGE=View/Export	EVENT_DESCRIPTION=View/Export	DATETIME_5=06/01/2012	3:07:23	USER_NAME=1149	COMMANDNAME=secx_document	SOURCEUSERNAME=USERNAME
CheckIn:	OBJECT_NAME=rp_data-breach-investigations-report-2012_en_xg.pdf	DATETIME=5/25/2013	18:32:18	1:35:09	OBJECTNAME=rp_data-breach-investigations-report-2012_en_xg.pdf	APPLICATIONNAME=SECX-SHARE	OBJECT_TYPE=secx_document	HOST_NAME=secxmecsprd06	MESSAGE=View/Export	EVENT_DESCRIPTION=View/Export	DATETIME_5=06/01/2012	1:35:09	USER_NAME=2138	COMMANDNAME=secx_document	SOURCEUSERNAME=USERNAME
CheckIn:	OBJECT_NAME=Ying_OutlierDetectionAndClusterRepair.ppt	DATETIME=5/25/2013	18:43:44	2:08:48	OBJECTNAME=Ying_OutlierDetectionAndClusterRepair.ppt	APPLICATIONNAME=SECX-SHARE	OBJECT_TYPE=secx_document	HOST_NAME=secxmecsprd05	MESSAGE=View/Export	EVENT_DESCRIPTION=View/Export	DATETIME_5=06/01/2012	2:08:48	USER_NAME=1571	COMMANDNAME=secx_document	SOURCEUSERNAME=USERNAME
CheckIn:	OBJECT_NAME=web log analysis paper.pdf	DATETIME=5/25/2013	19:12:19	1:26:20	OBJECTNAME=web log analysis paper.pdf	APPLICATIONNAME=SECX-SHARE	OBJECT_TYPE=secx_document	HOST_NAME=secxmecsprd06	MESSAGE=View/Export	EVENT_DESCRIPTION=View/Export	DATETIME_5=06/01/2012	1:26:20	USER_NAME=1040	COMMANDNAME=secx_document	SOURCEUSERNAME=USERNAME
CheckIn:	OBJECT_NAME=Analyst Reports	DATETIME=5/25/2013	19:57:27	1:45:10	OBJECTNAME=Analyst Reports	APPLICATIONNAME=SECX-SHARE	OBJECT_TYPE=secx_document	HOST_NAME=secxmecsprd05	MESSAGE=View/Export	EVENT_DESCRIPTION=View/Export	DATETIME_5=06/01/2012	1:45:10	USER_NAME=1493	COMMANDNAME=secx_document	SOURCEUSERNAME=USERNAME
CheckIn:	OBJECT_NAME=SN37_AKramer_Final.pdf	DATETIME=5/25/2013	20:40:0	0:38:38	OBJECTNAME=SN37_AKramer_Final.pdf	APPLICATIONNAME=SECX-SHARE	OBJECT_TYPE=secx_document	HOST_NAME=secxmecsprd06	MESSAGE=View/Export	EVENT_DESCRIPTION=View/Export	DATETIME_5=06/01/2012	0:38:38	USER_NAME=1663	COMMANDNAME=secx_document	SOURCEUSERNAME=USERNAME
CheckIn:	OBJECT_NAME=TopSecret_WarPlans_Specs.pdf	DATETIME=5/25/2013	20:35:5	2:41:16	OBJECTNAME=TopSecret_WarPlans_Specs.pdf	APPLICATIONNAME=SECX-SHARE	OBJECT_TYPE=secx_document	HOST_NAME=secxmecsprd06	MESSAGE=View/Export	EVENT_DESCRIPTION=View/Export	DATETIME_5=06/01/2012	2:41:16	USER_NAME=2215	COMMANDNAME=secx_document	SOURCEUSERNAME=USERNAME
CheckIn:	OBJECT_NAME=I08-2129.pdf	DATETIME=5/25/2013	21:51:7	0:28:44	OBJECTNAME=I08-2129.pdf	APPLICATIONNAME=SECX-SHARE	OBJECT_TYPE=secx_document	HOST_NAME=secxmecsprd05	MESSAGE=View/Export	EVENT_DESCRIPTION=View/Export	DATETIME_5=06/01/2012	0:28:44	USER_NAME=1889	COMMANDNAME=secx_document	SOURCEUSERNAME=USERNAME
CheckIn:	OBJECT_NAME=TT111 ESM Web Service - Fei Gao_COMPLETE.pdf	DATETIME=5/25/2013	21:41:42	1:39:38	OBJECTNAME=TT111 ESM Web Service - Fei Gao_COMPLETE.pdf	APPLICATIONNAME=SECX-SHARE	OBJECT_TYPE=secx_document	HOST_NAME=secxmecsprd05	MESSAGE=View/Export	EVENT_DESCRIPTION=View/Export	DATETIME_5=06/01/2012	1:39:38	USER_NAME=1233	COMMANDNAME=secx_document	SOURCEUSERNAME=USERNAME
CheckIn:	OBJECT_NAME=Confidential_2012_Profit&LossStatementxls	DATETIME=5/25/2013	22:39:58	1:25:17	OBJECTNAME=Confidential_2012_Profit&LossStatementxls	APPLICATIONNAME=SECX-SHARE	OBJECT_TYPE=secx_document	HOST_NAME=secxmecsprd06	MESSAGE=View/Export	EVENT_DESCRIPTION=View/Export	DATETIME_5=06/01/2012	1:25:17	USER_NAME=1381	COMMANDNAME=secx_document	SOURCEUSERNAME=USERNAME
CheckIn:	OBJECT_NAME=Confidential_2013_BalanceSheet.xls	DATETIME=5/25/2013	23:28:39	0:15:37	OBJECTNAME=Confidential_2013_BalanceSheet.xls	APPLICATIONNAME=SECX-SHARE	OBJECT_TYPE=secx_document	HOST_NAME=secxmecsprd05	MESSAGE=View/Export	EVENT_DESCRIPTION=View/Export	DATETIME_5=06/01/2012	0:15:37	USER_NAME=1708	COMMANDNAME=secx_document	SOURCEUSERNAME=USERNAME
